"","country","port_name","long","lat"
"1","Albania","Durres (Durazzo)",19.4666666666667,41.3166666666667
"2","Albania","Sarande",20,39.8833333333333
"3","Albania","Shengjjin",19.6,41.8166666666667
"4","Albania","Vlore (Vlora, Vlone)",19.4833333333333,40.4833333333333
"5","Algeria","Algiers",3.05,36.75
"6","Algeria","Annaba (Ex Bone)",7.78333333333333,36.9666666666667
"7","Algeria","Arzew",-0.133333333333333,35.8333333333333
"8","Algeria","Bejaia (Ex Bougie)",5.08333333333333,36.75
"9","Algeria","Dellys",3.91666666666667,36.9166666666667
"10","Algeria","Ghazaouet",-1.86666666666667,35.1
"11","Algeria","Mostaganem",0.0833333333333333,35.9333333333333
"12","Algeria","Oran",-0.65,35.7166666666667
"13","Algeria","Skikda (Ex",6.9,36.8833333333333
"14","Algeria","Tenes",1.3,36.5833333333333
"15","American Samoa","Pago Pago",170.683333333333,-14.2833333333333
"16","Angola","Cabinda",12.1833333333333,-5.53333333333333
"17","Angola","Lobito",13.5666666666667,-12.3333333333333
"18","Angola","Luanda",13.25,-8.8
"19","Angola","Namibe",12.1166666666667,-15.1833333333333
"20","Angola","Porto Amboim",13.75,-10.7333333333333
"21","Angola","Soyo",12.2333333333333,-6.33333333333333
"22","Argentina","Bahia Blanca",-62.2666666666667,-38.7833333333333
"23","Argentina","Buenos Aires",-58.3666666666667,-34.6
"24","Argentina","Comodoro Rivadavia",-67.4333333333333,-45.85
"25","Argentina","Concepcion del Uruguay",-58.2166666666667,-32.4166666666667
"26","Argentina","Mar del Plata",-57.5333333333333,-38
"27","Argentina","Necochea",-58.7666666666667,-38.5166666666667
"28","Argentina","Puerto Madryn",-57.8833333333333,-42.7666666666667
"29","Argentina","Rio Gallegos",-68.9666666666667,-51.6166666666667
"30","Argentina","Rosario",-60.55,-32.95
"31","Argentina","Santa Fe",-60.7,-31.65
"32","Argentina","Ushuaia",-68.3,-54.8166666666667
"33","Aruba","Oranjestad",-70.0333333333333,12.5166666666667
"34","Ascension Island","Georgetown",-14.4166666666667,-7.93333333333333
"35","Australia","Adelaide",138.5,-34.85
"36","Australia","Brisbane",153.066666666667,-27.45
"37","Australia","Cairns",145.783333333333,-16.9333333333333
"38","Australia","Darwin",130.833333333333,-12.4666666666667
"39","Australia","Devonport",146.366666666667,-41.1833333333333
"40","Australia","Fremantle",115.733333333333,-32.05
"41","Australia","Geelong",144.366666666667,-38.15
"42","Australia","Hobart",147.333333333333,-42.8833333333333
"43","Australia","Mackay",149.233333333333,-21.1
"44","Australia","Melbourne",144.966666666667,-37.8333333333333
"45","Australia","Sydney",151.2,-33.9166666666667
"46","Australia","Townsville",146.833333333333,-19.25
"47","Azerbaijan","Baku",49.85,40.3333333333333
"48","Bahamas","Freeport",-78.7666666666667,25
"49","Bahamas","Nassau",-77.3333333333333,25.0833333333333
"50","Bahrain","Mina Salman",50.6166666666667,26.2
"51","Bahrain","Sitra",50.6666666666667,26.15
"52","Bangladesh","Chittagong",91.8,22.3166666666667
"53","Bangladesh","Mongla",89.5833333333333,22.4833333333333
"54","Barbados","Bridgetown",-59.6333333333333,13.1
"55","Belgium","Antwerp",4.38333333333333,51.2333333333333
"56","Belgium","Brussels (Bruxelles)",4.35,50.8666666666667
"57","Belgium","Ghent",3.73333333333333,51.0333333333333
"58","Belgium","Liege",5.56666666666667,50.6666666666667
"59","Belgium","Zeebrugge",3.21666666666667,51.3333333333333
"60","Belize","Belize City",-88.1833333333333,17.4833333333333
"61","Benin","Cotonou",2.53333333333333,6.33333333333333
"62","Bermuda","Hamilton",-64.7833333333333,32.2833333333333
"63","Bermuda","St Georges",-64.7,32.3666666666667
"64","Brazil","Belem",-48.4833333333333,-1.46666666666667
"65","Brazil","Fortaleza",-38.55,-3.68333333333333
"66","Brazil","Imbituba",-48.6333333333333,-28.2166666666667
"67","Brazil","Manaus",-60,-3.13333333333333
"68","Brazil","Paranagua",-48.5,-25.5
"69","Brazil","Porto Alegre",-51.25,-30.0833333333333
"70","Brazil","Recife",-34.8666666666667,-8.06666666666667
"71","Brazil","Rio De Janeiro",-43.2,-22.9
"72","Brazil","Rio Grande",-52.0833333333333,-32.05
"73","Brazil","Salvador",-38.5833333333333,-13.0166666666667
"74","Brazil","Santos",-46.3166666666667,-23.9333333333333
"75","Brazil","Vitoria",-40.2833333333333,-20.3166666666667
"76","Brunei","Kuala Belait",114.2,4.63333333333333
"77","Brunei","Muara",115.066666666667,5.01666666666667
"78","Bulgaria","Varna",27.95,43.2
"79","Cambodia","Kompongsom (also",103.5,10.6333333333333
"80","Cambodia","Phnom Penh",104.916666666667,11.5833333333333
"81","Cameroon","Douala",9.7,4.05
"82","Cameroon","Kribi",9.93333333333333,2.93333333333333
"83","Cameroon","Tiko",9.4,4.06666666666667
"84","Canada","Alberni",-124.8,49.2333333333333
"85","Canada","Becancour",-72.3833333333333,46.4
"86","Canada","Churchill",-94.2,58.7833333333333
"87","Canada","Fraser River Port (Port",122.9,49.35
"88","Canada","Halifax",-63.5666666666667,44.65
"89","Canada","Hamilton",-79.8333333333333,43.2833333333333
"90","Canada","Halifax",-63.5666666666667,44.65
"91","Canada","Montreal",-73.5833333333333,45.5
"92","Canada","Nanaimo",-123.916666666667,49.1666666666667
"93","Canada","Saguenay",-70.8166666666667,48.4
"94","Canada","Sept Iles (Seven",-66.3833333333333,50.1833333333333
"95","Canada","St Johns",-52.7,47.5666666666667
"96","Canada","Sydney",-60.2,46.15
"97","Canada","Thunder Bay",-89.2166666666667,48.4166666666667
"98","Canada","Toronto",-79.3833333333333,43.6333333333333
"99","Canada","Trois-Rivieres",-72.5666666666667,46.3666666666667
"100","Canada","Vancouver",-123.116666666667,49.2833333333333
"101","Canada","Windsor",-83.0666666666667,42.3166666666667
"102","Canary Islands","Las Palmas",-15.45,28.0833333333333
"103","Canary Islands","Santa Cruz de",-16.2333333333333,28.4666666666667
"104","Cape Verde","Porto Grande",-25,16.8833333333333
"105","Cayman Islands","Georgetown, Grand",-81.3833333333333,19.3
"106","Chile","Antofagasta",-70.4166666666667,-23.65
"107","Chile","Arica",-70.3333333333333,-18.4666666666667
"108","Chile","Chanaral",-70.6333333333333,-26.35
"109","Chile","Iquique",-70.15,-20.2
"110","Chile","Puerto Montt",-72.95,-41.4666666666667
"111","Chile","Punta Arenas",-70.9,-53.1666666666667
"112","Chile","San Antonio",-71.6166666666667,-33.5833333333333
"113","Chile","San Vicente",-73.15,-36.7333333333333
"114","Chile","Talcahuano",-73.1,-36.6833333333333
"115","Chile","Valparaiso",-71.6333333333333,-33.0333333333333
"116","China","Dalian",121.666666666667,38.9166666666667
"117","China","Fuzhou",119.3,26.05
"118","China","Guangzhou",113.233333333333,23.1
"119","China","Haikou",110.266666666667,20.0166666666667
"120","China","Lianyungang",119.45,34.7333333333333
"121","China","Nantong",120.8,32
"122","China","Ningbo",121.516666666667,29.8666666666667
"123","China","Qingdao",120.333333333333,36.05
"124","China","Qinhuangdao",119.5,40
"125","China","Shanghai",121.466666666667,31.2333333333333
"126","China","Shantou",116.75,23.3333333333333
"127","China","Tianjin",117.166666666667,39.1
"128","China","Xiamen",118.033333333333,24.45
"129","China","Zhanjiang",110.4,21.1833333333333
"130","Colombia","Barranquilla",-74.7833333333333,10.9666666666667
"131","Colombia","Buenaventura",-77.0833333333333,3.88333333333333
"132","Colombia","Cartagena",-75.55,10.4333333333333
"133","Colombia","Puerto Bolivar",-71.9666666666667,12.2666666666667
"134","Colombia","Tumaco",-78.75,1.81666666666667
"135","Colombia","Turbo",-76.8333333333333,8
"136","Comoros","Moroni",43.7333333333333,-11.7
"137","Comoros","Mutsamudu",44.4,-12.1666666666667
"138","Congo","Pointe Noire",11.8166666666667,-4.78333333333333
"139","Congo, Dem.","",12.4166666666667,-6.01666666666667
"140","Congo, Dem.","",13.05,-5.85
"141","Costa Rica","Caldera",-84.7166666666667,9.9
"142","Costa Rica","Golfito",-83.1666666666667,8.61666666666667
"143","Costa Rica","Puntarenas",-84.8333333333333,9.96666666666667
"144","Costa Rica","Quepos",-84.1666666666667,9.41666666666667
"145","Côte d'Ivoire","Abidjan",-4,5.3
"146","Croatia","Rijeka Bakar",14.4333333333333,45.3166666666667
"147","Croatia","Zadar",15.2333333333333,44.1166666666667
"148","Croatia","Dubrovnik",18.0833333333333,42.65
"149","Croatia","Omisalj",14.55,45.2
"150","Croatia","Ploce",17.4333333333333,43.05
"151","Croatia","Pula",13.85,44.85
"152","Croatia","Sibenik",15.8833333333333,43.7333333333333
"153","Croatia","Split",16.4333333333333,43.5166666666667
"154","Cuba","Havana",-82.35,23.15
"155","Cuba","Manzanillo",-77.2,20.3333333333333
"156","Cuba","Matanzas",-81.5666666666667,23.05
"157","Cuba","Nuevitas",-77.2666666666667,21.55
"158","Cuba","Santiago de Cuba",-75.8666666666667,19.8333333333333
"159","Cyprus","Akrotiri",33.0333333333333,34.5666666666667
"160","Cyprus","Famagusta",33.95,35.1166666666667
"161","Cyprus","Larnaca",32.4,35.05
"162","Cyprus","Limassol",33.0166666666667,34.65
"163","Cyprus","Paphos",32.4,34.75
"164","Cyprus","Vassiliko",33.3166666666667,34.7166666666667
"165","Denmark","Aarhus",10.2166666666667,56.1666666666667
"166","Denmark","Esbjerg",8.43333333333333,55.4666666666667
"167","Denmark","Fredericia",9.75,55.55
"168","Denmark","Frederikshavn",10.55,57.4666666666667
"169","Denmark","Grenaa",10.9333333333333,56.4166666666667
"170","Denmark","Odense",10.3833333333333,55.4166666666667
"171","Denmark","Ronne",14.6833333333333,55.0833333333333
"172","Djibouti","Djibouti",43.1333333333333,11.6
"173","Dominica","Portsmouth",-61.4666666666667,15.5666666666667
"174","Dominica","Roseau",-61.4,15.2833333333333
"175","Dominican","",-71.0666666666667,18.2
"176","Dominican","",-69.0166666666667,18.45
"177","Dominican","",-70.7,19.8166666666667
"178","Dominican","",-70,18.4166666666667
"179","Dominican","",-69.3,18.4333333333333
"180","Dominican","",18.4666666666667,18.4666666666667
"181","Ecuador","Esmeraldas",-79.6333333333333,1
"182","Ecuador","Guayaquil",-79.9,-2.26666666666667
"183","Ecuador","La Libertad",-80.9166666666667,-2.2
"184","Ecuador","Manta",-80.7166666666667,-0.916666666666667
"185","Ecuador","Puerto Bolivar",-80.0166666666667,-3.25
"186","Ecuador","San Lorenzo",-78.8333333333333,-1.16666666666667
"187","Egypt","Alexandria",29.8166666666667,31.1333333333333
"188","Egypt","Damietta",31.75,31.4666666666667
"189","Egypt","Port Said",32.3166666666667,31.2666666666667
"190","Egypt","Suez (Al Suweis)",32.55,29.9666666666667
"191","El Salvador","Acajutla",-89.8333333333333,13.5833333333333
"192","El Salvador","Cutuco",-89.8166666666667,13.4666666666667
"193","Equatorial Guinea","Bata",9.76666666666667,1.86666666666667
"194","Equatorial Guinea","Ceiba Marine",9.23333333333333,1.41666666666667
"195","Equatorial Guinea","Malabo (Rey Malabo)",8.78333333333333,3.76666666666667
"196","Estonia","Pärnu",24.4833333333333,58.3833333333333
"197","Estonia","Tallinn",24.7666666666667,59.45
"198","Faroe Islands","Klaksvik",-6.58333333333333,62.2333333333333
"199","Faroe Islands","Torshavn",-6.76666666666667,62
"200","Fiji","Labasa (Lambasa)",179.233333333333,-16.4333333333333
"201","Fiji","Lautoka",177.433333333333,-17.6
"202","Fiji","Levuka",178.85,-17.6833333333333
"203","Fiji","Savu Savu",179.3,-16.8166666666667
"204","Fiji","Suva",178.433333333333,-18.1333333333333
"205","Finland","Hamina",27.1833333333333,60.5666666666667
"206","Finland","Helsinki",24.95,60.1666666666667
"207","Finland","Kokkola",23.1333333333333,63.8333333333333
"208","Finland","Kotka",26.95,60.4666666666667
"209","Finland","Loviisa",26.2666666666667,60.4
"210","Finland","Oulu",25.4166666666667,65
"211","Finland","Pori",21.4833333333333,61.6
"212","Finland","Rauma",21.5,61.1333333333333
"213","Finland","Turku",22.25,60.45
"214","Finland","Uusikaupunki",21.4,60.8
"215","Finland","Vaasa",21.6,60.1
"216","France","Bordeaux",-0.566666666666667,44.8333333333333
"217","France","Boulogne Sur Mer",1.56666666666667,50.75
"218","France","Cherbourg",-1.63333333333333,49.6333333333333
"219","France","Dunkerque",2.36666666666667,51.05
"220","France","La Rochelle-Pallice",-1.16666666666667,46.15
"221","France","Le Havre",-0.116666666666667,49.5
"222","France","Marseille",5.36666666666667,43.3166666666667
"223","France","Nantes-St. Nazaire",-1.56666666666667,47.2333333333333
"224","France","Paris",2.26666666666667,48.95
"225","France","Rouen",1.06666666666667,49.4666666666667
"226","France","St Malo",-2.01666666666667,48.65
"227","France","Strasbourg",7.7,48.5666666666667
"228","France","Toulon",5.91666666666667,43.1166666666667
"229","French Guiana","Cayenne",-52.3333333333333,4.93333333333333
"230","French Polynesia","Papeete",-149.566666666667,-17.55
"231","Gabon","Cap Lopez",8.7,-0.633333333333333
"232","Gabon","Libreville",9.5,0.283333333333333
"233","Gabon","Owendo",9.5,0.283333333333333
"234","Gabon","Port Gentil",8.8,-0.716666666666667
"235","Gambia","Banjul",-16.5666666666667,13.45
"236","Georgia","Batumi",41.6333333333333,41.65
"237","Georgia","Poti",41.6666666666667,42.15
"238","Georgia","Sukhumi",40.9666666666667,43.0166666666667
"239","Germany","Brake",8.48333333333333,53.3333333333333
"240","Germany","Bremen",8.75,53.1166666666667
"241","Germany","Bremerhaven",8.58333333333333,53.55
"242","Germany","Duisburg",6.71666666666667,51.45
"243","Germany","Dusseldorf",6.78333333333333,51.2166666666667
"244","Germany","Emden",7.2,53.35
"245","Germany","Hamburg",9.98333333333333,53.55
"246","Germany","Karlsruhe",8.33333333333333,49.05
"247","Germany","Kiel",10.1666666666667,54.3166666666667
"248","Germany","Lubeck",10.6833333333333,53.8666666666667
"249","Germany","Mannheim",8.5,49.5333333333333
"250","Germany","Rostock",12.1333333333333,54.15
"251","Germany","Wilhelmshavn",8.13333333333333,53.5333333333333
"252","Ghana","Takoradi",-1.75,4.88333333333333
"253","Ghana","Tema",0.0166666666666667,5.63333333333333
"254","Gibraltar","Gibraltar",-5.35,36.1333333333333
"255","Greece","Eleusis",23.55,38.0333333333333
"256","Greece","Iraklion (Heraklion)",25.15,35.2666666666667
"257","Greece","Kavala",24.4166666666667,40.9166666666667
"258","Greece","Patras",21.75,38.25
"259","Greece","Piraeus",23.6333333333333,37.95
"260","Greece","Thessaloniki",22.9333333333333,40.6333333333333
"261","Greece","Volos",22.95,39.3666666666667
"262","Greenland","Holsteinsborg",-53.6666666666667,66.9333333333333
"263","Greenland","Nanortalik",-45.2333333333333,60.1333333333333
"264","Greenland","Narsarsuaq",-45.4166666666667,61.15
"265","Greenland","Nuuk (Godthaab)",-51.7333333333333,64.1666666666667
"266","Guadeloupe","Gustavia",-62.85,17.9
"267","Guadeloupe","Pointe-a-Pitre",-61.5333333333333,16.2333333333333
"268","Guam","Apra (Agana)",144.616666666667,13.45
"269","Guatemala","Champerico",-91.9166666666667,14.3
"270","Guatemala","Puerto Barrios",-88.6166666666667,15.7166666666667
"271","Guatemala","Santo Tomas De",-88.6166666666667,15.7
"272","Guinea","Conakry",-13.7166666666667,9.51666666666667
"273","Guinea","Port Kamsar",-14.6166666666667,10.65
"274","Guinea-Bissau","Bissau",-15.5833333333333,11.85
"275","Guyana","Georgetown",-58.1666666666667,6.81666666666667
"276","Guyana","New Amsterdam",-57.5166666666667,6.23333333333333
"277","Haiti","Port Au Prince",-72.35,18.55
"278","Honduras","La Ceiba",-86.8333333333333,15.7666666666667
"279","Honduras","Puerto Castilla",-86.05,16.0166666666667
"280","Honduras","Puerto Cortes",-87.9333333333333,15.85
"281","Honduras","San Lorenzo",-87.4166666666667,13.4
"282","Honduras","Tela",-87.45,15.7833333333333
"283","Hong Kong","Hong Kong",114.166666666667,22.3
"284","Iceland","Akureyri",-18.05,65.6833333333333
"285","Iceland","Hafnarfjordur",-21.9666666666667,64.0666666666667
"286","Iceland","Isafjordur",-23.1,66.0833333333333
"287","Iceland","Keflavik",-22.55,64
"288","Iceland","Reykjavik",-21.9333333333333,64.1333333333333
"289","Iceland","Vestmannaeyjar",-20.2666666666667,63.4333333333333
"290","India","Bombay (Mumbai)",72.8166666666667,18.9833333333333
"291","India","Calcutta (Kolkata)",88.3666666666667,22.5333333333333
"292","India","Chennai (Madras)",80.2666666666667,13.1
"293","India","Cochin",76.25,9.96666666666667
"294","India","Kandla",70.2,23
"295","India","Nhava Sheva",72.9666666666667,18.95
"296","India","Tuticorin",78.1666666666667,8.75
"297","India","Vishakhapatnam",83.3,17.6833333333333
"298","Indonesia","Cilacap, Java",109,-8.73333333333333
"299","Indonesia","Cirebon, Java",108.55,-6.68333333333333
"300","Indonesia","Jakarta, Java",106.866666666667,-6.1
"301","Indonesia","Kupang, Timor",123.566666666667,-10.1666666666667
"302","Indonesia","Palembang, Sumatra",104.75,-2.98333333333333
"303","Indonesia","Semarang, Java",110.4,-6.88333333333333
"304","Indonesia","Surabaya, Java",112.733333333333,-7.21666666666667
"305","Indonesia","Ujung Pandang,",119.4,-5.13333333333333
"306","Iran","Abadan",48.3333333333333,30.3333333333333
"307","Iran","Bandar Abbas",56.2833333333333,27.1833333333333
"308","Iran","Bandar Anzali",49.4666666666667,37.4666666666667
"309","Iran","Bandar Mahshahr",49.3333333333333,30.45
"310","Iran","Bushehr",50.8333333333333,28.9833333333333
"311","Iran","Imam Khomeini",40.0666666666667,30.4166666666667
"312","Iran","Khorramshahr",48.1833333333333,30.4333333333333
"313","Iran","Lavan",53.3333333333333,26.7833333333333
"314","Iran","Sirri Island",54.55,25.9
"315","Iraq","Basra",47.7833333333333,30.55
"316","Iraq","Khor al Zubair",47.9,30.1833333333333
"317","Iraq","Umm Qasr",51.5833333333333,24.9
"318","Ireland","Arklow",-6.15,52.8
"319","Ireland","Cork",-8.28333333333333,51.8333333333333
"320","Ireland","Drogheda",-6.3,53.7166666666667
"321","Ireland","Dublin",-6.26666666666667,53.35
"322","Ireland","Foynes",-9.1,52.6
"323","Ireland","Galway",-9.05,53.2666666666667
"324","Ireland","New Ross",-6.93333333333333,52.3833333333333
"325","Ireland","Waterford",-7.11666666666667,52.25
"326","Israel","Ashdod",34.6333333333333,31.8333333333333
"327","Israel","Ashkelon",34.5333333333333,31.6333333333333
"328","Israel","Eilat",34.95,29.5333333333333
"329","Israel","Hadera",34.8833333333333,32.4666666666667
"330","Israel","Haifa",35,32.8166666666667
"331","Italy","Augusta",15.2333333333333,37.2166666666667
"332","Italy","Bagnoli",14.1666666666667,40.8
"333","Italy","Bari",16.8666666666667,41.1333333333333
"334","Italy","Brindisi",17.9333333333333,40.65
"335","Italy","Gela",14.25,37.0666666666667
"336","Italy","Genoa",8.9,44.4
"337","Italy","La Spezia",9.85,44.0166666666667
"338","Italy","Livorno",10.3333333333333,43.55
"339","Italy","Messina",15.5666666666667,38.1833333333333
"340","Italy","Milazzo",15.2666666666667,38.2166666666667
"341","Italy","Napoli (Naples)",14.25,40.8333333333333
"342","Italy","Palermo",13.3333333333333,38.1166666666667
"343","Italy","Porto Torres",8.4,40.85
"344","Italy","Ravenna",12.3,44.4166666666667
"345","Italy","Sarroch (Porto Foxi)",9.03333333333333,39.0833333333333
"346","Italy","Savona-Vado",8.48333333333333,44.3
"347","Italy","Taranto",17.2166666666667,40.4833333333333
"348","Italy","Trieste",13.75,45.65
"349","Italy","Venice",12.3333333333333,45.4333333333333
"350","Jamaica","Kingston",-76.8333333333333,17.9833333333333
"351","Jamaica","Montego Bay",-77.9333333333333,18.5
"352","Jamaica","Ocho Rios",18.4166666666667,18.4166666666667
"353","Jamaica","Port Antonio",-76.45,18.2
"354","Jamaica","Port Esquivel",-77.1333333333333,17.8833333333333
"355","Jamaica","Rocky Point",-77.2333333333333,17.6333333333333
"356","Japan","Akita",140.05,39.75
"357","Japan","Amagasaki",135.4,34.7
"358","Japan","Chiba",140.116666666667,35.6
"359","Japan","Hachinohe",141.55,40.55
"360","Japan","Hakodate, Hokkaido",140.7,41.7833333333333
"361","Japan","Higashiharima",134.75,34.7166666666667
"362","Japan","Himeji",134.683333333333,34.7833333333333
"363","Japan","Hiroshima",132.416666666667,34.3333333333333
"364","Japan","Kawasaki",139.766666666667,35.5333333333333
"365","Japan","Kinuura",136.95,34.8666666666667
"366","Japan","Kobe",135.2,34.6666666666667
"367","Japan","Kushiro, Hokkaido",144.35,42.9666666666667
"368","Japan","Mizushima",133.75,34.5166666666667
"369","Japan","Moji",130.966666666667,33.95
"370","Japan","Nagoya",136.883333333333,35.0833333333333
"371","Japan","Osaka",135.433333333333,34.65
"372","Japan","Sakai",135.45,34.5666666666667
"373","Japan","Sakata",139.8,38.9333333333333
"374","Japan","Shimizu",138.5,35
"375","Japan","Tokyo",139.766666666667,35.7166666666667
"376","Japan","Tomakomai,",141.583333333333,42.5833333333333
"377","Japan","Yokohama",139.65,35.45
"378","Jordan","Aqaba (El Akaba)",35.0166666666667,29.5166666666667
"379","Kenya","Lamu",40.9,-2.28333333333333
"380","Kenya","Mombasa",39.6666666666667,-4.06666666666667
"381","Kiribati","Betio (Tarawa)",172.9,1.41666666666667
"382","Korea (North)","Chongjin",129.816666666667,41.7666666666667
"383","Korea (North)","Haeju",125.7,38
"384","Korea (North)","Nampo",125.416666666667,38.7333333333333
"385","Korea (North)","Wonsan",127.433333333333,39.1666666666667
"386","Korea (South)","Busan (Pusan)",129,35.0833333333333
"387","Korea (South)","Chinhae",128.7,35.1166666666667
"388","Korea (South)","Inchon",126.616666666667,37.4666666666667
"389","Korea (South)","Masan",128.6,35.1833333333333
"390","Korea (South)","Mokpo",126.383333333333,34.7666666666667
"391","Korea (South)","Pohang",129.433333333333,36.0333333333333
"392","Korea (South)","Tonghae",129.15,37.5
"393","Korea (South)","Ulsan",129.383333333333,35.45
"394","Korea (South)","Yosu (Yeosu)",127.75,34.7333333333333
"395","Kuwait","Mina al Ahmadi",48.1666666666667,29.0666666666667
"396","Kuwait","Mina Saud",48.4,28.75
"397","Kuwait","Shuwaikh",47.9333333333333,29.35
"398","Latvia","Liepaja",21,56.5
"399","Latvia","Riga",24.1,56.9666666666667
"400","Latvia","Ventspils",21.55,57.4
"401","Lebanon","Beirut",35.5,33.9
"402","Lebanon","Chekka",35.6,34.3
"403","Lebanon","Selaata",35.6666666666667,34.2833333333333
"404","Lebanon","Sidon",35.35,33.5
"405","Lebanon","Tripoli",35.8166666666667,34.4666666666667
"406","Liberia","Buchanan",-10.0666666666667,5.9
"407","Liberia","Greenville",-9.05,4.98333333333333
"408","Liberia","Monrovia",-10.8333333333333,6.33333333333333
"409","Libya","Bingazi (Benghazi)",20.05,32.1
"410","Libya","Derna",22.65,32.7666666666667
"411","Libya","Marsa El Brega",19.5666666666667,30.4166666666667
"412","Libya","Misurata (Qasr",15.2166666666667,32.3666666666667
"413","Libya","Ras Lanuf",18.5833333333333,30.5166666666667
"414","Libya","Tobruk",24,32.0666666666667
"415","Libya","Tripoli",13.2166666666667,32.9
"416","Libya","Zuara",12.1166666666667,32.9166666666667
"417","Lithuania","Klaipeda",21.1166666666667,55.7166666666667
"418","Macau","",113.55,22.2
"419","Madagascar","Antsiranana(Diego Suarez)",49.3166666666667,-12.2166666666667
"420","Madagascar","Majunga (Mahajanga) MG MJN",46.3333333333333,-15.7166666666667
"421","Madagascar","Toamasina",49.3666666666667,-18.1333333333333
"422","Madagascar","Tulear (Toliara)",43.6666666666667,-23.35
"423","Malaysia","Bintulu, Sarawak",112.983333333333,3.26666666666667
"424","Malaysia","Kota Kinabalu, Sabah",116,5.98333333333333
"425","Malaysia","Kuantan(Tanjong Gelang)",103.433333333333,3.96666666666667
"426","Malaysia","Kuching, Sarawak",110.35,1.56666666666667
"427","Malaysia","Kudat, Sabah",116.85,6.88333333333333
"428","Malaysia","Labuan, Sabah",115.25,5.28333333333333
"429","Malaysia","Lahad Datu, Sabah",118.333333333333,5.03333333333333
"430","Malaysia","Lumut",100.65,4.26666666666667
"431","Malaysia","Miri, Sarawak",113.916666666667,4.43333333333333
"432","Malaysia","Pasir Gudang, Johor",103.9,1.43333333333333
"433","Malaysia","Penang (Georgetown) MY PEN",100.35,5.41666666666667
"434","Malaysia","Port Dickson",101.783333333333,2.51666666666667
"435","Malaysia","Port Klang (Kelang)",101.4,3
"436","Malaysia","Sandakan, Sabah",118.116666666667,5.83333333333333
"437","Malaysia","Sibu, Sarawak",111.816666666667,2.3
"438","Malaysia","Tanjung Pelepas,",103.533333333333,1.35
"439","Malaysia","Tawau, Sabah",117.866666666667,4.23333333333333
"440","Malta","Valletta",-14.5166666666667,35.9
"441","Martinique","Fort de France",-61.0666666666667,14.6
"442","Mauritania","Nouadhibou",-17.05,20.8166666666667
"443","Mauritania","Nouakchott",-16.0333333333333,18.0333333333333
"444","Mauritius","Port Louis",57.5,-20.15
"445","Mexico","Acapulco",-99.9333333333333,16.85
"446","Mexico","Coatzacoalcos",-94.4166666666667,18.1333333333333
"447","Mexico","Guaymas",-110.883333333333,27.9166666666667
"448","Mexico","La Paz",-110.316666666667,24.1666666666667
"449","Mexico","Lazaro Cardenas",-102.166666666667,17.8833333333333
"450","Mexico","Manzanillo",-104.333333333333,19.05
"451","Mexico","Mazatlan",-106.433333333333,23.1833333333333
"452","Mexico","Progreso",-89.65,21.2833333333333
"453","Mexico","Salina Cruz",-95.2,16.1666666666667
"454","Mexico","Tampico",-97.7833333333333,22.2666666666667
"455","Mexico","Topolobampo",-109.05,25.6
"456","Mexico","Tuxpan",-97.4,20.95
"457","Mexico","Veracruz",-96.1333333333333,19.2
"458","Micronesia","Pohnpei (Ex Ponape)",158.166666666667,6.91666666666667
"459","Monaco","Monaco",7.45,43.7333333333333
"460","Montenegro","Bar",19.05,42.0833333333333
"461","Montenegro","Kotor",18.6,42.45
"462","Montserrat","Plymouth",-62.2166666666667,16.7
"463","Morocco","Agadir",-9.63333333333333,30.4333333333333
"464","Morocco","Casablanca",-7.61666666666667,33.6
"465","Morocco","El Jadida",33.2666666666667,33.2666666666667
"466","Morocco","Kenitra",-6.58333333333333,34.2666666666667
"467","Morocco","Mohammedia",-7.36666666666667,33.75
"468","Morocco","Safi",-9.2,32.3166666666667
"469","Morocco","Tangier",-5.8,35.7833333333333
"470","Mozambique","Beira",34.8333333333333,-19.7666666666667
"471","Mozambique","Inhambane",35.3833333333333,-23.8666666666667
"472","Mozambique","Maputo",32.5666666666667,-25.9666666666667
"473","Mozambique","Nacala",40.6666666666667,-14.5333333333333
"474","Mozambique","Pemba",40.5,-12.95
"475","Mozambique","Quelimane",36.8833333333333,-17.8833333333333
"476","Myanmar","Bassein",94.7166666666667,16.75
"477","Myanmar","Moulmein",97.6166666666667,16.4833333333333
"478","Myanmar","Yangon",96.25,16.7833333333333
"479","Namibia","Luderitz",15.15,-26.65
"480","Namibia","Walvis Bay",14.5,-22.95
"481","Nauru","Nauru Island",166.916666666667,-0.533333333333333
"482","Netherlands","Amsterdam",4.9,52.3666666666667
"483","Netherlands","Delfzijl",6.93333333333333,53.3333333333333
"484","Netherlands","Dordrecht",4.66666666666667,51.8166666666667
"485","Netherlands","Eemshaven",6.83333333333333,53.45
"486","Netherlands","Groningen",6.56666666666667,53.2166666666667
"487","Netherlands","IJmuiden",4.58333333333333,52.45
"488","Netherlands","Rotterdam",4.4,51.9166666666667
"489","Netherlands","Terneuzen",3.83333333333333,51.3333333333333
"490","Netherlands","",-68.2833333333333,12.15
"491","Netherlands","",-63.1666666666667,18.0833333333333
"492","Netherlands","",-68.9333333333333,12.1
"493","New Caledonia","Noumea",166.45,-22.2666666666667
"494","New Caledonia","Thio",166.25,-21.6166666666667
"495","New Zealand","Auckland",174.75,-36.85
"496","New Zealand","Otago Harbour",170.616666666667,-45.8333333333333
"497","New Zealand","Tauranga",176.183333333333,-37.65
"498","New Zealand","Wellington",174.783333333333,-41.2833333333333
"499","Nicaragua","Bluefields",-83.75,12.0166666666667
"500","Nicaragua","Corinto",-87.1833333333333,12.5
"501","Nicaragua","El Bluff",-83.6833333333333,12
"502","Nicaragua","Puerto Cabezas",-83.3833333333333,14.0166666666667
"503","Nicaragua","Puerto Sandino",-86.7666666666667,12.2
"504","Nicaragua","San Juan Del Sur",-85.8666666666667,11.2333333333333
"505","Nigeria","Calabar",8.31666666666667,4.96666666666667
"506","Nigeria","Lagos",3.4,6.45
"507","Nigeria","Onne",7.15,4.65
"508","Nigeria","Port Harcourt",7,4.76666666666667
"509","Nigeria","Sapele",5.75,5.91666666666667
"510","Nigeria","Tin Can Island",3.3,6.41666666666667
"511","Nigeria","Warri",5.73333333333333,5.5
"512","Northern Mariana","",145.733333333333,15.2166666666667
"513","Norway","Bergen",5.31666666666667,60.4
"514","Norway","Drammen",10.2166666666667,59.75
"515","Norway","Grenland Harbour",23.6666666666667,70.6666666666667
"516","Norway","Harstad",16.65,68.8
"517","Norway","Haugesund",5.26666666666667,59.4166666666667
"518","Norway","Kristiansand",8,58.15
"519","Norway","Larvik",10.0333333333333,59.05
"520","Norway","Oslo",10.7166666666667,59.9
"521","Norway","Stavanger",5.73333333333333,58.9666666666667
"522","Norway","Trondheim",10.4,63.4166666666667
"523","Pakistan","Karachi",66.9833333333333,24.8166666666667
"524","Pakistan","Muhammad Bin",67.35,24.7666666666667
"525","Panama","Colon",-79.9166666666667,9.36666666666667
"526","Panama","Cristobal",-79.9166666666667,9.35
"527","Panama","Vacamonte",-79.6666666666667,8.85
"528","Papua New","",155.633333333333,-6.21666666666667
"529","Papua New","",146.983333333333,-6.73333333333333
"530","Papua New","",145.816666666667,-5.21666666666667
"531","Papua New","",147.15,-9.48333333333333
"532","Papua New","",152.166666666667,-4.2
"533","Peru","Callao",-77.1666666666667,-12.05
"534","Peru","Chimbote",-78.6166666666667,-9.08333333333333
"535","Peru","Ilo",-71.35,-17.65
"536","Peru","Matarani",-72.1166666666667,-17
"537","Peru","Paita",-81.1166666666667,-5.08333333333333
"538","Peru","Salaverry",-78.9833333333333,-8.21666666666667
"539","Peru","Talara",-81.2833333333333,-4.58333333333333
"540","Philippines","Batangas",121.05,13.75
"541","Philippines","Cagayan de Oro,Mindanao",124.65,8.5
"542","Philippines","Cebu",123.883333333333,10.3
"543","Philippines","Davao, Mindanao",125.633333333333,7.06666666666667
"544","Philippines","Iligan, Mindanao",124.2,8.25
"545","Philippines","Iloilo",122.583333333333,10.6833333333333
"546","Philippines","Jolo",121,6.05
"547","Philippines","Legaspi, Davao",123.75,13.15
"548","Philippines","Manila",120.966666666667,14.5833333333333
"549","Philippines","Puerto Princesa,Palawan",118.716666666667,9.73333333333333
"550","Philippines","San Fernando, Luzon",120.3,16.6166666666667
"551","Philippines","Subic Bay",120.3,14.8166666666667
"552","Philippines","Zamboanga,",122.066666666667,6.9
"553","Poland","Gdansk",18.65,54.35
"554","Poland","Gdynia",18.5666666666667,54.5333333333333
"555","Poland","Kolobrzeg",15.5666666666667,54.1833333333333
"556","Poland","Swinoujscie",14.25,53.9166666666667
"557","Poland","Szczecin",14.5333333333333,53.4166666666667
"558","Poland","Ustka",16.8666666666667,54.5833333333333
"559","Portugal","Aveiro",-8.75,40.65
"560","Portugal","Leixoes",-8.71666666666667,41.1833333333333
"561","Portugal","Lisbon",-9.1,38.7
"562","Portugal","Portimao",-8.53333333333333,37.1
"563","Portugal","Setubal",-8.91666666666667,38.5
"564","Portugal","Viana Do Castelo",-8.8,41.6833333333333
"565","Puerto Rico","Guanica Harbour",-66.9,17.95
"566","Puerto Rico","Guayanilla",-66.7666666666667,18
"567","Puerto Rico","Las Mareas",-66.1666666666667,17.9166666666667
"568","Puerto Rico","Ponce",-66.6166666666667,17.9666666666667
"569","Puerto Rico","San Juan",-66.1166666666667,18.4666666666667
"570","Qatar","Doha",47.8,29.3833333333333
"571","Qatar","Halul Island",52.4166666666667,25.6666666666667
"572","Qatar","Ras Laffan",51.6166666666667,25.9333333333333
"573","Qatar","Umm Said (Mesaieed) QA UMS",51.5666666666667,24.9
"574","Reunion","Port Reunion",55.2833333333333,-20.9166666666667
"575","Romania","Braila",27.9833333333333,45.25
"576","Romania","Constantza",28.65,44.1666666666667
"577","Romania","Mangalia",28.5833333333333,43.8166666666667
"578","Romania","Sulina",29.6666666666667,45.1666666666667
"579","Russia","Kaliningrad",20.5166666666667,54.8833333333333
"580","Russia","Kholmsk",142.083333333333,47.05
"581","Russia","Murmansk",33.1666666666667,68.95
"582","Russia","Nakhodka",132.883333333333,42.8
"583","Russia","Novorossiysk",37.7833333333333,44.7166666666667
"584","Russia","St Petersburg",30.2166666666667,59.8833333333333
"585","Russia","Tuapse",39.0666666666667,44.1
"586","Russia","Vladivostok",132,43.1666666666667
"587","Russia","Vyborg",28.7333333333333,60.7
"588","Saint Kitts and","",-62.7166666666667,17.3
"589","Saint Lucia","Castries (St Lucia)",-61,14.0166666666667
"590","Saint Lucia","Vieux Fort",-60.9666666666667,13.7166666666667
"591","Saint Vincent and","",-61.2333333333333,13.15
"592","Samoa","Apia",-171.75,-13.8333333333333
"593","Sao Tome and","",7.45,1.65
"594","Sao Tome and","",6.75,0.35
"595","Saudi Arabia","Dammam",50.2,26.5
"596","Saudi Arabia","Dhuba",35.7,27.35
"597","Saudi Arabia","Gizan",42.4833333333333,16.9
"598","Saudi Arabia","Jeddah",39.1666666666667,21.4666666666667
"599","Saudi Arabia","Jubail",49.6666666666667,27.0666666666667
"600","Saudi Arabia","Rabigh",38.9833333333333,22.7333333333333
"601","Saudi Arabia","Ras al Mishab",48.6166666666667,28.1
"602","Saudi Arabia","Ras Tanura",50.1666666666667,26.65
"603","Saudi Arabia","Yanbu",38.05,24.0833333333333
"604","Senegal","Dakar",-17.4333333333333,14.6666666666667
"605","Seychelles","Port Victoria",55.4666666666667,-4.61666666666667
"606","Sierra Leone","Freetown",-13.2333333333333,8.5
"607","Sierra Leone","Pepel",-13.05,8.56666666666667
"608","Singapore","Singapore",103.833333333333,1.26666666666667
"609","Slovenia","Izola",13.6833333333333,45.5166666666667
"610","Slovenia","Koper",13.7333333333333,45.5166666666667
"611","Slovenia","Piran",13.6,45.5166666666667
"612","Solomon Islands","Honiara",159.95,-9.41666666666667
"613","Solomon Islands","Noro, New Georgia",157.2,-8.21666666666667
"614","Solomon Islands","Viru Harbour",157.716666666667,-8.5
"615","Solomon Islands","Yandina, Pavuvu",159.233333333333,-9.06666666666667
"616","Somalia","Berbera",45.0166666666667,10.4333333333333
"617","Somalia","Kismayu",42.55,-0.383333333333333
"618","Somalia","Merca",44.7666666666667,1.71666666666667
"619","Somalia","Mogadishu",45.35,2.01666666666667
"620","South Africa","Cape Town",18.4333333333333,-33.9
"621","South Africa","Durban",31.0333333333333,-29.8833333333333
"622","South Africa","Mossel Bay",22.15,-34.1666666666667
"623","South Africa","Port Elizabeth",25.65,-33.95
"624","South Africa","Richards Bay",32.0333333333333,-28.8
"625","South Africa","Saldanha Bay",17.9666666666667,-33.0333333333333
"626","Spain","Aviles",-5.93333333333333,43.5833333333333
"627","Spain","Barcelona",2.16666666666667,41.3333333333333
"628","Spain","Bilbao",-2.91666666666667,43.2833333333333
"629","Spain","Cadiz",-6.3,36.5166666666667
"630","Spain","Cartagena",-0.983333333333333,37.6166666666667
"631","Spain","Castellon",-0.0166666666666667,39.9666666666667
"632","Spain","Ceuta",-5.28333333333333,35.8833333333333
"633","Spain","Huelva",-6.91666666666667,37.2666666666667
"634","Spain","Malaga",-4.41666666666667,36.7166666666667
"635","Spain","Pasajes",-1.93333333333333,43.3333333333333
"636","Spain","Santander",-3.81666666666667,43.4666666666667
"637","Spain","Tarragona",1.23333333333333,41.0833333333333
"638","Spain","Valencia",-0.3,39.45
"639","Spain","Vigo",-8.7,42.2333333333333
"640","Sri Lanka","Colombo",79.8333333333333,6.93333333333333
"641","Sri Lanka","Jaffna",80.0166666666667,9.66666666666667
"642","Sri Lanka","Trincomalee",81.25,8.6
"643","St. Helena","Jamestown",-5.71666666666667,-15.9333333333333
"644","St. Pierre and","",-56.1666666666667,46.7833333333333
"645","Sudan","Port Sudan",37.2333333333333,19.6166666666667
"646","Suriname","Moengo",-54.4166666666667,5.65
"647","Suriname","Nieuw Nickerie",-56.9833333333333,5.95
"648","Suriname","Paramaribo",-55.15,5.98333333333333
"649","Suriname","Paranam",-55.0833333333333,5.63333333333333
"650","Suriname","Wageningen",-56.6833333333333,5.76666666666667
"651","Sweden","Gavle",17.1833333333333,60.6833333333333
"652","Sweden","Gothenburg",11.95,57.7
"653","Sweden","Halmstad",12.8666666666667,56.6666666666667
"654","Sweden","Kalmar",16.3333333333333,56.6666666666667
"655","Sweden","Karlshamn",14.8666666666667,56.1666666666667
"656","Sweden","Malmo",13,55.6166666666667
"657","Sweden","Solvesborg",14.5833333333333,56.05
"658","Sweden","Stockholm",18.05,59.3166666666667
"659","Sweden","Sundsvall",17.3333333333333,62.4166666666667
"660","Switzerland","Basel",7.56666666666667,47.55
"661","Syria","Baniyas",35.9333333333333,35.25
"662","Taiwan","Hualien",121.633333333333,23.9833333333333
"663","Taiwan","Kaohsiung",120.266666666667,22.6166666666667
"664","Taiwan","Kaohsiung",120.266666666667,22.6166666666667
"665","Taiwan","Keelung (Chilung)",121.733333333333,25.15
"666","Taiwan","Suao",121.85,24.5833333333333
"667","Taiwan","Taichung",120.5,24.2833333333333
"668","Tanzania","Dar Es Salaam",39.2833333333333,-6.83333333333333
"669","Tanzania","Kilwa Masoko",39.5166666666667,-8.93333333333333
"670","Tanzania","Lindi",39.7333333333333,-10
"671","Tanzania","Mtwara",40.2,-10.2666666666667
"672","Tanzania","Pangani",39,-5.45
"673","Tanzania","Tanga",39.1333333333333,-5.06666666666667
"674","Thailand","Bangkok",100.583333333333,13.4333333333333
"675","Thailand","Laem Chabang",100.883333333333,13.0833333333333
"676","Thailand","Pattani",101.3,6.95
"677","Thailand","Phuket",98.4,7.81666666666667
"678","Thailand","Sattahip",100.916666666667,12.5833333333333
"679","Thailand","Songkhla",100.583333333333,7.23333333333333
"680","Thailand","Sriracha",100.866666666667,13.1166666666667
"681","Togo","Kpeme",1.5,6.2
"682","Togo","Lome",1.28333333333333,6.13333333333333
"683","Tonga","Neiafu",-173.983333333333,-18.65
"684","Tonga","Nukualofa",-175.183333333333,-21.1333333333333
"685","Tonga","Pangai",-174.383333333333,-19.8333333333333
"686","Trinidad and","",-61.7,10.2
"687","Trinidad and","",-61.4833333333333,10.3666666666667
"688","Trinidad and","",-61.4833333333333,10.3166666666667
"689","Trinidad and","",-60.7333333333333,11.1833333333333
"690","Trinidad and","",-61.5333333333333,10.65
"691","Trinidad and","",-61.6,10.2333333333333
"692","Tunisia","Bizerte",9.9,37.2833333333333
"693","Tunisia","Gabes",10.0666666666667,33.95
"694","Tunisia","La Goulette",10.3,36.8166666666667
"695","Tunisia","Sfax",10.7666666666667,34.7333333333333
"696","Tunisia","Sousse",10.6333333333333,35.8333333333333
"697","Tunisia","Tunis",10.25,36.8166666666667
"698","Turkey","Derince",29.8333333333333,40.7333333333333
"699","Turkey","Dikili",26.8333333333333,39
"700","Turkey","Gemlik",29.1166666666667,40.4166666666667
"701","Turkey","Hopa, Artvin",41.4166666666667,42.4
"702","Turkey","Iskenderun, Hatay",36.1666666666667,36.6333333333333
"703","Turkey","Istanbul",28.9833333333333,41.0166666666667
"704","Turkey","Trabzon",39.7666666666667,41.0166666666667
"705","Turks and Caicos","",-71.1333333333333,21.4333333333333
"706","Turks and Caicos","",-72.5,21.5
"707","Tuvalu","Funafuti",-179.216666666667,-8.51666666666667
"708","United Kingdom","Aberdeen",-2.06666666666667,57.1333333333333
"709","United Kingdom","Belfast",-5.93333333333333,54.6
"710","United Kingdom","Bristol",-2.71666666666667,51.5
"711","United Kingdom","Dover",1.3,51.1166666666667
"712","United Kingdom","Falmouth",-5.06666666666667,50.15
"713","United Kingdom","Felixstowe",1.35,51.95
"714","United Kingdom","Glasgow",-4.35,55.8666666666667
"715","United Kingdom","Grangemouth",-3.71666666666667,56.0166666666667
"716","United Kingdom","Hull",-0.233333333333333,53.7333333333333
"717","United Kingdom","Leith",-3.16666666666667,55.9833333333333
"718","United Kingdom","Liverpool",-3.03333333333333,53.4666666666667
"719","United Kingdom","London",-0.0833333333333333,51.5
"720","United Kingdom","Manchester",-2.23333333333333,53.4833333333333
"721","United Kingdom","Peterhead Bay",-1.78333333333333,57.5
"722","United Kingdom","Plymouth",-4.15,50.3666666666667
"723","United Kingdom","Portsmouth",-1.11666666666667,50.8
"724","United Kingdom","Scapa Flow",-3.08333333333333,58.8833333333333
"725","United Kingdom","Southampton",-1.4,50.9
"726","United Kingdom","Sullom Voe",-1.28333333333333,60.45
"727","United Kingdom","Teesport",-1.13333333333333,54.65
"728","United Kingdom","Thamesport",-0.7,51.4333333333333
"729","United Kingdom","Tyne",-1.4,55.0166666666667
"730","Ukraine","Berdyansk",36.8,46.75
"731","Ukraine","Kherson",32.6166666666667,46.6166666666667
"732","Ukraine","Odessa",30.7666666666667,46.5
"733","Ukraine","Reni",28.3,45.4333333333333
"734","Ukraine","Sevastopol",33.5333333333333,44.6166666666667
"735","United Arab","",55.4333333333333,25.4166666666667
"736","United Arab","",52.8666666666667,25.15
"737","United Arab","",55.2666666666667,25.25
"738","United Arab","",56.35,25.1666666666667
"739","United Arab","",55.05,25
"740","United Arab","",56.3666666666667,25.35
"741","United Arab","",56.05,25.9666666666667
"742","United Arab","",54.3833333333333,24.5333333333333
"743","United States","Anacortes",-122.6,48.5166666666667
"744","United States","Ashtabula",-80.8,41.9
"745","United States","Baltimore",-76.5833333333333,39.2833333333333
"746","United States","Baton Rouge",-91.2,30.4666666666667
"747","United States","Beaumont",-94.0833333333333,30.0833333333333
"748","United States","Boston",-71.0833333333333,42.35
"749","United States","Charleston",-79.9333333333333,32.7833333333333
"750","United States","Chicago",-87.6333333333333,41.8333333333333
"751","United States","Cleveland",-81.7166666666667,41.5166666666667
"752","United States","Corpus Christi",-97.3833333333333,27.8
"753","United States","Detroit",-83.0333333333333,42.3333333333333
"754","United States","Duluth-Superior",-92.1,46.7333333333333
"755","United States","Freeport",-95.35,28.95
"756","United States","Hampton Roads",-76.4333333333333,36.9833333333333
"757","United States","Honolulu",-157.866666666667,21.3166666666667
"758","United States","Houston",-95.3333333333333,29.75
"759","United States","Huntington - Tri-State",-95.3333333333333,38.6
"760","United States","Jacksonville",-81.6666666666667,30.3333333333333
"761","United States","Lake Charles",-93.25,30.2166666666667
"762","United States","Long Beach",-118.35,34.2666666666667
"763","United States","Los Angeles",-82.9166666666667,33.7166666666667
"764","United States","Manatee",-82.5666666666667,27.5333333333333
"765","United States","Memphis",-90.1666666666667,35.0666666666667
"766","United States","Miami",-80.1666666666667,25.7666666666667
"767","United States","Mobile",-88.0333333333333,30.6666666666667
"768","United States","New Orleans",-90.0666666666667,29.95
"769","United States","New York/New Jersey US NYC",-74,40.7166666666667
"770","United States","Oakland",-122.3,37.8333333333333
"771","United States","Pascagoula",-88.5666666666667,30.35
"772","United States","Philadelphia",-75.1666666666667,39.95
"773","United States","Pittsburgh",-80,44.75
"774","United States","(Louisiana)",-91.3,30.2166666666667
"775","United States","Port Arthur",-93.9333333333333,28.8666666666667
"776","United States","Port Everglades",-80.0833333333333,26.0833333333333
"777","United States","Portland (Maine)",-70.2333333333333,43.65
"778","United States","Portland (Oregon)",-122.666666666667,45.5
"779","United States","Richmond (CA)",-122.416666666667,37.9333333333333
"780","United States","Richmond (VA)",-77.4166666666667,37.45
"781","United States","Savannah",-81.1166666666667,32.0333333333333
"782","United States","Seattle",-122.333333333333,47.6
"783","United States","South Louisiana",-90.5,30
"784","United States","Tacoma",-122.466666666667,47.2333333333333
"785","United States","Tampa",-82.4666666666667,27.95
"786","United States","Texas City",-94.8833333333333,29.3666666666667
"787","United States","Valdez",-146.35,61.1166666666667
"788","United States","Wilmington (DE)",-75.5,39.75
"789","United States","Wilmington (NC)",-77.95,34.2333333333333
"790","United States","Yakutat",-139.816666666667,59.4833333333333
"791","Uruguay","Fray Bentos",-58.3166666666667,-33.1
"792","Uruguay","Montevideo",-56.2166666666667,-34.9166666666667
"793","Uruguay","Nueva Palmira",-58.3333333333333,-33.8666666666667
"794","Uruguay","Paysandu",-58.1,-32.3
"795","Vanuatu","Port Vila",168.3,-17.75
"796","Vanuatu","Santo",167.183333333333,-15.5166666666667
"797","Venezuela","Bajo Grande Refinery",-71.6,10.5166666666667
"798","Venezuela","Cumana (Puerto",-64.1166666666667,10.4666666666667
"799","Venezuela","La Guaira",-67.1166666666667,10.6333333333333
"800","Venezuela","La Salina",-71.45,10.3666666666667
"801","Venezuela","Maracaibo",-71.65,10.7
"802","Venezuela","Matanzas",-62.8333333333333,8.3
"803","Venezuela","Palua",-62.7,8.36666666666667
"804","Venezuela","Puerto Cabello",-68.0166666666667,10.4833333333333
"805","Venezuela","Puerto La Cruz",-64.6333333333333,10.2166666666667
"806","Venezuela","Punta Cardon",-70.2333333333333,11.6333333333333
"807","Vietnam","Danang",108.3,16.1
"808","Vietnam","Haiphong",106.683333333333,20.8666666666667
"809","Vietnam","Ho Chi Minh City",106.75,10.8333333333333
"810","Vietnam","Hon Gay",107.1,20.95
"811","Vietnam","Nha Trang",109.216666666667,12.2
"812","Virgin Isl. (US)","Charlotte Amalie,St. Thomas",-64.9333333333333,18.3333333333333
"813","Virgin Islands","",-64.6833333333333,17.75
"814","Virgin Islands","",-64.7333333333333,17.6833333333333
"815","Yemen","Aden",44.9,12.8
"816","Yemen","Hodeidah",42.9166666666667,14.8
"817","Yemen","Mokha",43.2,13.35
"818","Yemen","Mukalla",49.1166666666667,14.5166666666667
